Program Version:,EnergyPlus, Version 9.4.0-998c4b761e, YMD=2022.03.21 16:36
Tabular Output Report in Format: ,Comma

Building:,Building
Environment:,FRIBOURG (O1-O1:31-12) ** Geneva AP GE CHE ISD-TMYx WMO#=067000

----------------------------------------------------------------------------------------------------
REPORT:,Annual Building Utility Performance Summary
FOR:,Entire Facility
Values gathered over      3624.00 hours
WARNING: THE REPORT DOES NOT REPRESENT A FULL ANNUAL SIMULATION.

Site and Source Energy

,,Total Energy [kWh],Energy Per Total Building Area [kWh/m2],Energy Per Conditioned Building Area [kWh/m2]
,Total Site Energy,1895.84,35.16,35.16
,Net Site Energy,1895.84,35.16,35.16
,Total Source Energy,6673.83,123.78,123.78
,Net Source Energy,6673.83,123.78,123.78


Site to Source Energy Conversion Factors

,,Site=>Source Conversion Factor
,Electricity,3.167
,Natural Gas,1.084
,District Cooling,1.056
,District Heating,3.613
,Steam,0.250
,Gasoline,1.050
,Diesel,1.050
,Coal,1.050
,Fuel Oil No 1,1.050
,Fuel Oil No 2,1.050
,Propane,1.050
,Other Fuel 1,1.000
,Other Fuel 2,1.000


Building Area

,,Area [m2]
,Total Building Area,53.91
,Net Conditioned Building Area,53.91
,Unconditioned Building Area,0.00


End Uses

,,Electricity [kWh],Natural Gas [kWh],Gasoline [kWh],Diesel [kWh],Coal [kWh],Fuel Oil No 1 [kWh],Fuel Oil No 2 [kWh],Propane [kWh],Other Fuel 1 [kWh],Other Fuel 2 [kWh],District Cooling [kWh],District Heating [kWh],Water [m3]
,Heating,0.00,0.00,0.00,0.00,0.00,0.00,0.00,0.00,0.00,0.00,0.00,1500.42,0.00
,Cooling,0.00,0.00,0.00,0.00,0.00,0.00,0.00,0.00,0.00,0.00,0.00,0.00,0.00
,Interior Lighting,257.70,0.00,0.00,0.00,0.00,0.00,0.00,0.00,0.00,0.00,0.00,0.00,0.00
,Exterior Lighting,0.00,0.00,0.00,0.00,0.00,0.00,0.00,0.00,0.00,0.00,0.00,0.00,0.00
,Interior Equipment,137.73,0.00,0.00,0.00,0.00,0.00,0.00,0.00,0.00,0.00,0.00,0.00,0.00
,Exterior Equipment,0.00,0.00,0.00,0.00,0.00,0.00,0.00,0.00,0.00,0.00,0.00,0.00,0.00
,Fans,0.00,0.00,0.00,0.00,0.00,0.00,0.00,0.00,0.00,0.00,0.00,0.00,0.00
,Pumps,0.00,0.00,0.00,0.00,0.00,0.00,0.00,0.00,0.00,0.00,0.00,0.00,0.00
,Heat Rejection,0.00,0.00,0.00,0.00,0.00,0.00,0.00,0.00,0.00,0.00,0.00,0.00,0.00
,Humidification,0.00,0.00,0.00,0.00,0.00,0.00,0.00,0.00,0.00,0.00,0.00,0.00,0.00
,Heat Recovery,0.00,0.00,0.00,0.00,0.00,0.00,0.00,0.00,0.00,0.00,0.00,0.00,0.00
,Water Systems,0.00,0.00,0.00,0.00,0.00,0.00,0.00,0.00,0.00,0.00,0.00,0.00,0.00
,Refrigeration,0.00,0.00,0.00,0.00,0.00,0.00,0.00,0.00,0.00,0.00,0.00,0.00,0.00
,Generators,0.00,0.00,0.00,0.00,0.00,0.00,0.00,0.00,0.00,0.00,0.00,0.00,0.00
,,,,,,,,,,,,,,
,Total End Uses,395.43,0.00,0.00,0.00,0.00,0.00,0.00,0.00,0.00,0.00,0.00,1500.42,0.00
Note: District heat appears to be the principal heating source based on energy usage.


End Uses By Subcategory

,,Subcategory,Electricity [kWh],Natural Gas [kWh],Gasoline [kWh],Diesel [kWh],Coal [kWh],Fuel Oil No 1 [kWh],Fuel Oil No 2 [kWh],Propane [kWh],Other Fuel 1 [kWh],Other Fuel 2 [kWh],District Cooling [kWh],District Heating [kWh],Water [m3]
,Heating,General,0.00,0.00,0.00,0.00,0.00,0.00,0.00,0.00,0.00,0.00,0.00,1500.42,0.00
,Cooling,General,0.00,0.00,0.00,0.00,0.00,0.00,0.00,0.00,0.00,0.00,0.00,0.00,0.00
,Interior Lighting,General,257.70,0.00,0.00,0.00,0.00,0.00,0.00,0.00,0.00,0.00,0.00,0.00,0.00
,Exterior Lighting,General,0.00,0.00,0.00,0.00,0.00,0.00,0.00,0.00,0.00,0.00,0.00,0.00,0.00
,Interior Equipment,General,137.73,0.00,0.00,0.00,0.00,0.00,0.00,0.00,0.00,0.00,0.00,0.00,0.00
,Exterior Equipment,General,0.00,0.00,0.00,0.00,0.00,0.00,0.00,0.00,0.00,0.00,0.00,0.00,0.00
,Fans,Ventilation (simple),0.00,0.00,0.00,0.00,0.00,0.00,0.00,0.00,0.00,0.00,0.00,0.00,0.00
,Pumps,General,0.00,0.00,0.00,0.00,0.00,0.00,0.00,0.00,0.00,0.00,0.00,0.00,0.00
,Heat Rejection,General,0.00,0.00,0.00,0.00,0.00,0.00,0.00,0.00,0.00,0.00,0.00,0.00,0.00
,Humidification,General,0.00,0.00,0.00,0.00,0.00,0.00,0.00,0.00,0.00,0.00,0.00,0.00,0.00
,Heat Recovery,General,0.00,0.00,0.00,0.00,0.00,0.00,0.00,0.00,0.00,0.00,0.00,0.00,0.00
,Water Systems,General,0.00,0.00,0.00,0.00,0.00,0.00,0.00,0.00,0.00,0.00,0.00,0.00,0.00
,Refrigeration,General,0.00,0.00,0.00,0.00,0.00,0.00,0.00,0.00,0.00,0.00,0.00,0.00,0.00
,Generators,General,0.00,0.00,0.00,0.00,0.00,0.00,0.00,0.00,0.00,0.00,0.00,0.00,0.00


Normalized Metrics
Utility Use Per Conditioned Floor Area

,,Electricity Intensity [kWh/m2],Natural Gas Intensity [kWh/m2],Gasoline Intensity [kWh/m2],Diesel Intensity [kWh/m2],Coal Intensity [kWh/m2],Fuel Oil No 1 Intensity [kWh/m2],Fuel Oil No 2 Intensity [kWh/m2],Propane Intensity [kWh/m2],Other Fuel 1 Intensity [kWh/m2],Other Fuel 2 Intensity [kWh/m2],District Cooling Intensity [kWh/m2],District Heating Intensity [kWh/m2],Water Intensity [m3/m2]
,Lighting,4.78,0.00,0.00,0.00,0.00,0.00,0.00,0.00,0.00,0.00,0.00,0.00,0.00
,HVAC,0.00,0.00,0.00,0.00,0.00,0.00,0.00,0.00,0.00,0.00,0.00,27.83,0.00
,Other,2.55,0.00,0.00,0.00,0.00,0.00,0.00,0.00,0.00,0.00,0.00,0.00,0.00
,Total,7.33,0.00,0.00,0.00,0.00,0.00,0.00,0.00,0.00,0.00,0.00,27.83,0.00


Utility Use Per Total Floor Area

,,Electricity Intensity [kWh/m2],Natural Gas Intensity [kWh/m2],Gasoline Intensity [kWh/m2],Diesel Intensity [kWh/m2],Coal Intensity [kWh/m2],Fuel Oil No 1 Intensity [kWh/m2],Fuel Oil No 2 Intensity [kWh/m2],Propane Intensity [kWh/m2],Other Fuel 1 Intensity [kWh/m2],Other Fuel 2 Intensity [kWh/m2],District Cooling Intensity [kWh/m2],District Heating Intensity [kWh/m2],Water Intensity [m3/m2]
,Lighting,4.78,0.00,0.00,0.00,0.00,0.00,0.00,0.00,0.00,0.00,0.00,0.00,0.00
,HVAC,0.00,0.00,0.00,0.00,0.00,0.00,0.00,0.00,0.00,0.00,0.00,27.83,0.00
,Other,2.55,0.00,0.00,0.00,0.00,0.00,0.00,0.00,0.00,0.00,0.00,0.00,0.00
,Total,7.33,0.00,0.00,0.00,0.00,0.00,0.00,0.00,0.00,0.00,0.00,27.83,0.00


Electric Loads Satisfied

,,Electricity [kWh],Percent Electricity [%]
,Fuel-Fired Power Generation,0.000,0.00
,High Temperature Geothermal*,0.000,0.00
,Photovoltaic Power,0.000,0.00
,Wind Power,0.000,0.00
,Power Conversion,0.000,0.00
,Net Decrease in On-Site Storage,0.000,0.00
,Total On-Site Electric Sources,0.000,0.00
,,,
,Electricity Coming From Utility,395.428,100.00
,Surplus Electricity Going To Utility,0.000,0.00
,Net Electricity From Utility,395.428,100.00
,,,
,Total On-Site and Utility Electric Sources,395.428,100.00
,Total Electricity End Uses,395.428,100.00


On-Site Thermal Sources

,,Heat [kWh],Percent Heat [%]
,Water-Side Heat Recovery,0.00,
,Air to Air Heat Recovery for Cooling,0.00,
,Air to Air Heat Recovery for Heating,0.00,
,High-Temperature Geothermal*,0.00,
,Solar Water Thermal,0.00,
,Solar Air Thermal,0.00,
,Total On-Site Thermal Sources,0.00,


Water Source Summary

,,Water [m3],Percent Water [%]
,Rainwater Collection,0.00,-
,Condensate Collection,0.00,-
,Groundwater Well,0.00,-
,Total On Site Water Sources,0.00,-
,-,-,-
,Initial Storage,0.00,-
,Final Storage,0.00,-
,Change in Storage,0.00,-
,-,-,-
,Water Supplied by Utility,0.00,-
,-,-,-
,Total On Site, Change in Storage, and Utility Water Sources,0.00,-
,Total Water End Uses,0.00,-


Setpoint Not Met Criteria

,,Degrees [deltaC]
,Tolerance for Zone Heating Setpoint Not Met Time,1.11
,Tolerance for Zone Cooling Setpoint Not Met Time,1.11


Comfort and Setpoint Not Met Summary

,,Facility [Hours]
,Time Setpoint Not Met During Occupied Heating,864.33
,Time Setpoint Not Met During Occupied Cooling,0.00
,Time Not Comfortable Based on Simple ASHRAE 55-2004,1030.83


Note 1: An asterisk (*) indicates that the feature is not yet implemented.
----------------------------------------------------------------------------------------------------
REPORT:,Input Verification and Results Summary
FOR:,Entire Facility
General

,,Value
,Program Version and Build,EnergyPlus, Version 9.4.0-998c4b761e, YMD=2022.03.21 16:36
,RunPeriod,FRIBOURG (O1-O1:31-12)
,Weather File,Geneva AP GE CHE ISD-TMYx WMO#=067000
,Latitude [deg],46.24
,Longitude [deg],6.11
,Elevation [m],430.10
,Time Zone,1.00
,North Axis Angle [deg],0.00
,Rotation for Appendix G [deg],0.00
,Hours Simulated [hrs],3624.00


ENVELOPE
Window-Wall Ratio

,,Total,North (315 to 45 deg),East (45 to 135 deg),South (135 to 225 deg),West (225 to 315 deg)
,Gross Wall Area [m2],92.38,27.00,19.19,27.00,19.19
,Above Ground Wall Area [m2],92.38,27.00,19.19,27.00,19.19
,Window Opening Area [m2],18.35,9.17,0.00,9.17,0.00
,Gross Window-Wall Ratio [%],19.86,33.98,0.00,33.98,0.00
,Above Ground Window-Wall Ratio [%],19.86,33.98,0.00,33.98,0.00


Conditioned Window-Wall Ratio

,,Total,North (315 to 45 deg),East (45 to 135 deg),South (135 to 225 deg),West (225 to 315 deg)
,Gross Wall Area [m2],92.38,27.00,19.19,27.00,19.19
,Above Ground Wall Area [m2],92.38,27.00,19.19,27.00,19.19
,Window Opening Area [m2],18.35,9.17,0.00,9.17,0.00
,Gross Window-Wall Ratio [%],19.86,33.98,0.00,33.98,0.00
,Above Ground Window-Wall Ratio [%],19.86,33.98,0.00,33.98,0.00


Skylight-Roof Ratio

,,Total
,Gross Roof Area [m2],53.91
,Skylight Area [m2],0.00
,Skylight-Roof Ratio [%],0.00


PERFORMANCE
Zone Summary

,,Area [m2],Conditioned (Y/N),Part of Total Floor Area (Y/N),Volume [m3],Multipliers,Above Ground Gross Wall Area [m2],Underground Gross Wall Area [m2],Window Glass Area [m2],Opening Area [m2],Lighting [W/m2],People [m2 per person],Plug and Process [W/m2]
,CELLS:ROOMX1,18.98,Yes,Yes,58.82,1.00,38.20,0.00,8.21,9.17,9.1000,14.01,3.0000
,CELLS:ENTRANCE,14.97,Yes,Yes,46.39,1.00,14.99,0.00,0.00,0.00,9.1000,10.00,2.0000
,CELLS:ROOMX2,19.97,Yes,Yes,61.92,1.00,39.19,0.00,8.21,9.17,9.1000,14.01,3.0000
,Total,53.91,,,167.14,,92.38,0.00,16.43,18.35,9.1000,12.60,2.7224
,Conditioned Total,53.91,,,167.14,,92.38,0.00,16.43,18.35,9.1000,12.60,2.7224
,Unconditioned Total,0.00,,,0.00,,0.00,0.00,0.00,0.00,,,
,Not Part of Total,0.00,,,0.00,,0.00,0.00,0.00,0.00,,,


----------------------------------------------------------------------------------------------------
REPORT:,Demand End Use Components Summary
FOR:,Entire Facility
End Uses

,,Electricity [W],Natural Gas [W],Gasoline [W],Diesel [W],Coal [W],Fuel Oil No 1 [W],Fuel Oil No 2 [W],Propane [W],Other Fuel 1 [W],Other Fuel 2 [W],District Cooling [W],District Heating [W],Water [m3/s]
,Time of Peak,06-JAN-09:09,-,-,-,-,-,-,-,-,-,-,02-JAN-07:10,-
,Heating,0.00,0.00,0.00,0.00,0.00,0.00,0.00,0.00,0.00,0.00,0.00,2869.21,0.00
,Cooling,0.00,0.00,0.00,0.00,0.00,0.00,0.00,0.00,0.00,0.00,0.00,0.00,0.00
,Interior Lighting,410.22,0.00,0.00,0.00,0.00,0.00,0.00,0.00,0.00,0.00,0.00,0.00,0.00
,Exterior Lighting,0.00,0.00,0.00,0.00,0.00,0.00,0.00,0.00,0.00,0.00,0.00,0.00,0.00
,Interior Equipment,146.78,0.00,0.00,0.00,0.00,0.00,0.00,0.00,0.00,0.00,0.00,0.00,0.00
,Exterior Equipment,0.00,0.00,0.00,0.00,0.00,0.00,0.00,0.00,0.00,0.00,0.00,0.00,0.00
,Fans,0.00,0.00,0.00,0.00,0.00,0.00,0.00,0.00,0.00,0.00,0.00,0.00,0.00
,Pumps,0.00,0.00,0.00,0.00,0.00,0.00,0.00,0.00,0.00,0.00,0.00,0.00,0.00
,Heat Rejection,0.00,0.00,0.00,0.00,0.00,0.00,0.00,0.00,0.00,0.00,0.00,0.00,0.00
,Humidification,0.00,0.00,0.00,0.00,0.00,0.00,0.00,0.00,0.00,0.00,0.00,0.00,0.00
,Heat Recovery,0.00,0.00,0.00,0.00,0.00,0.00,0.00,0.00,0.00,0.00,0.00,0.00,0.00
,Water Systems,0.00,0.00,0.00,0.00,0.00,0.00,0.00,0.00,0.00,0.00,0.00,0.00,0.00
,Refrigeration,0.00,0.00,0.00,0.00,0.00,0.00,0.00,0.00,0.00,0.00,0.00,0.00,0.00
,Generators,0.00,0.00,0.00,0.00,0.00,0.00,0.00,0.00,0.00,0.00,0.00,0.00,0.00
,,,,,,,,,,,,,,
,Total End Uses,557.00,0.00,0.00,0.00,0.00,0.00,0.00,0.00,0.00,0.00,0.00,2869.21,0.00


End Uses By Subcategory

,,Subcategory,Electricity [W],Natural Gas [W],Gasoline [W],Diesel [W],Coal [W],Fuel Oil No 1 [W],Fuel Oil No 2 [W],Propane [W],Other Fuel 1 [W],Other Fuel 2 [W],District Cooling [W],District Heating [W],Water [m3/s]
,Heating,General,0.00,0.00,0.00,0.00,0.00,0.00,0.00,0.00,0.00,0.00,0.00,2869.21,0.00
,Cooling,General,0.00,0.00,0.00,0.00,0.00,0.00,0.00,0.00,0.00,0.00,0.00,0.00,0.00
,Interior Lighting,General,410.22,0.00,0.00,0.00,0.00,0.00,0.00,0.00,0.00,0.00,0.00,0.00,0.00
,Exterior Lighting,General,0.00,0.00,0.00,0.00,0.00,0.00,0.00,0.00,0.00,0.00,0.00,0.00,0.00
,Interior Equipment,General,146.78,0.00,0.00,0.00,0.00,0.00,0.00,0.00,0.00,0.00,0.00,0.00,0.00
,Exterior Equipment,General,0.00,0.00,0.00,0.00,0.00,0.00,0.00,0.00,0.00,0.00,0.00,0.00,0.00
,Fans,Ventilation (simple),0.00,0.00,0.00,0.00,0.00,0.00,0.00,0.00,0.00,0.00,0.00,0.00,0.00
,Pumps,General,0.00,0.00,0.00,0.00,0.00,0.00,0.00,0.00,0.00,0.00,0.00,0.00,0.00
,Heat Rejection,General,0.00,0.00,0.00,0.00,0.00,0.00,0.00,0.00,0.00,0.00,0.00,0.00,0.00
,Humidification,General,0.00,0.00,0.00,0.00,0.00,0.00,0.00,0.00,0.00,0.00,0.00,0.00,0.00
,Heat Recovery,General,0.00,0.00,0.00,0.00,0.00,0.00,0.00,0.00,0.00,0.00,0.00,0.00,0.00
,Water Systems,General,0.00,0.00,0.00,0.00,0.00,0.00,0.00,0.00,0.00,0.00,0.00,0.00,0.00
,Refrigeration,General,0.00,0.00,0.00,0.00,0.00,0.00,0.00,0.00,0.00,0.00,0.00,0.00,0.00
,Generators,General,0.00,0.00,0.00,0.00,0.00,0.00,0.00,0.00,0.00,0.00,0.00,0.00,0.00


----------------------------------------------------------------------------------------------------
REPORT:,Component Sizing Summary
FOR:,Entire Facility
ZoneHVAC:IdealLoadsAirSystem

,,Design Size Maximum Heating Air Flow Rate [m3/s],Design Size Maximum Sensible Heating Capacity [W],Design Size Maximum Cooling Air Flow Rate [m3/s],Design Size Maximum Total Cooling Capacity [W]
,CELLS:ROOMX1 IDEAL LOADS AIR,0.024065,897.39,0.013549,0.000000
,CELLS:ENTRANCE IDEAL LOADS AIR,0.045731,1276.32,0.014966,0.000000
,CELLS:ROOMX2 IDEAL LOADS AIR,0.014261,695.50,0.014261,0.000000
User-Specified values were used. Design Size values were used if no User-Specified values were provided.


----------------------------------------------------------------------------------------------------
REPORT:,Adaptive Comfort Summary
FOR:,Entire Facility
Time Not Meeting the Adaptive Comfort Models during Occupied Hours

,,ASHRAE55 90% Acceptability Limits [Hours],ASHRAE55 80% Acceptability Limits  [Hours],CEN15251 Category I Acceptability Limits [Hours],CEN15251 Category II Acceptability Limits [Hours],CEN15251 Category III Acceptability Limits [Hours]


----------------------------------------------------------------------------------------------------
REPORT:,Climatic Data Summary
FOR:,Entire Facility
SizingPeriod:DesignDay

,,Maximum Dry Bulb [C],Daily Temperature Range [deltaC],Humidity Value,Humidity Type,Wind Speed [m/s],Wind Direction
,SUMMER DESIGN DAY IN FRIBOURG (O1-O1:31-12) JUL,30.80,11.30,19.30,Wetbulb [C],0.00,0.00
,WINTER DESIGN DAY IN FRIBOURG (O1-O1:31-12),-6.20,0.00,-6.20,Wetbulb [C],11.20,0.00


Weather Statistics File

,,Value
,None,


----------------------------------------------------------------------------------------------------
REPORT:,Envelope Summary
FOR:,Entire Facility
Opaque Exterior

,,Construction,Reflectance,U-Factor with Film [W/m2-K],U-Factor no Film [W/m2-K],Gross Area [m2],Net Area [m2],Azimuth [deg],Tilt [deg],Cardinal Direction
,CELLS:ROOMX1_WALL_3_0_0,CELLS_EXTERNAL_WALL_ROOM2,0.50,0.169,0.173,9.50,4.92,0.00,90.00,N
,CELLS:ROOMX1_WALL_4_0_0,CELLS_EXTERNAL_WALL_ROOM2,0.50,0.169,0.173,19.19,19.19,270.00,90.00,W
,CELLS:ROOMX1_WALL_5_0_0,CELLS_EXTERNAL_WALL_ROOM2,0.50,0.169,0.173,9.50,4.92,180.00,90.00,S
,CELLS:ROOMX1_EXTFLOOR_0_0_0,CELLS_EXTARNAL_FLOOR,0.40,0.091,0.093,18.98,18.98,0.00,180.00,
,CELLS:ROOMX1_ROOF_1_0_0,CELLS_ROOF,0.71,0.176,0.181,18.98,18.98,180.00,0.00,
,CELLS:ENTRANCE_WALL_3_0_0,CELLS_EXTERNAL_WALL_ROOM2,0.50,0.169,0.173,7.50,7.50,0.00,90.00,N
,CELLS:ENTRANCE_WALL_5_0_0,CELLS_EXTERNAL_WALL_ROOM2,0.50,0.169,0.173,7.50,5.51,180.00,90.00,S
,CELLS:ENTRANCE_EXTFLOOR_0_0_0,CELLS_EXTARNAL_FLOOR,0.40,0.091,0.093,14.97,14.97,0.00,180.00,
,CELLS:ENTRANCE_ROOF_1_0_0,CELLS_ROOF,0.71,0.176,0.181,14.97,14.97,180.00,0.00,
,CELLS:ROOMX2_WALL_2_0_0,CELLS_EXTERNAL_WALL_ROOM2,0.50,0.169,0.173,19.19,19.19,90.00,90.00,E
,CELLS:ROOMX2_WALL_3_0_0,CELLS_EXTERNAL_WALL_ROOM2,0.50,0.169,0.173,10.00,5.42,0.00,90.00,N
,CELLS:ROOMX2_WALL_5_0_0,CELLS_EXTERNAL_WALL_ROOM2,0.50,0.169,0.173,10.00,5.42,180.00,90.00,S
,CELLS:ROOMX2_EXTFLOOR_0_0_0,CELLS_EXTARNAL_FLOOR,0.40,0.091,0.093,19.97,19.97,0.00,180.00,
,CELLS:ROOMX2_ROOF_1_0_0,CELLS_ROOF,0.71,0.176,0.181,19.97,19.97,180.00,0.00,


Opaque Interior

,,Construction,Reflectance,U-Factor with Film [W/m2-K],U-Factor no Film [W/m2-K],Gross Area [m2],Net Area [m2],Azimuth [deg],Tilt [deg],Cardinal Direction
,CELLS:ROOMX1_PARTITION_2_0_0,SLL_PARTITION_7O3_GYPSUM,0.50,0.676,0.806,19.19,19.19,90.00,90.00,E
,CELLS:ENTRANCE_PARTITION_4_0_10000,SLL_PARTITION_7O3_GYPSUM_REV,0.50,0.676,0.806,19.19,19.19,270.00,90.00,W
,CELLS:ENTRANCE_PARTITION_2_0_0,SLL_PARTITION_7O3_GYPSUM,0.50,0.676,0.806,19.19,19.19,90.00,90.00,E
,CELLS:ROOMX2_PARTITION_4_0_10001,SLL_PARTITION_7O3_GYPSUM_REV,0.50,0.676,0.806,19.19,19.19,270.00,90.00,W


Exterior Fenestration

,,Construction,Glass Area [m2],Frame Area [m2],Divider Area [m2],Area of One Opening [m2],Area of Multiplied Openings [m2],Glass U-Factor [W/m2-K],Glass SHGC,Glass Visible Transmittance,Frame Conductance [W/m2-K],Divider Conductance [W/m2-K],Shade Control,Parent Surface,Azimuth [deg],Tilt [deg],Cardinal Direction
,CELLS:ROOMX1_WALL_3_0_0_0_0_1_WIN,1001,1.01,0.19,0.05,1.25,1.25,0.600,0.501,0.752,1.505,1.505,Yes,CELLS:ROOMX1_WALL_3_0_0,0.00,90.00,N
,CELLS:ROOMX1_WALL_3_0_0_1_0_0_WIN,1001,2.98,0.29,0.07,3.33,3.33,0.600,0.501,0.752,1.505,1.505,Yes,CELLS:ROOMX1_WALL_3_0_0,0.00,90.00,N
,CELLS:ROOMX1_WALL_5_0_0_0_0_1_WIN,1001,1.01,0.19,0.05,1.25,1.25,0.600,0.501,0.752,1.505,1.505,Yes,CELLS:ROOMX1_WALL_5_0_0,180.00,90.00,S
,CELLS:ROOMX1_WALL_5_0_0_1_0_0_WIN,1001,2.98,0.29,0.07,3.33,3.33,0.600,0.501,0.752,1.505,1.505,Yes,CELLS:ROOMX1_WALL_5_0_0,180.00,90.00,S
,CELLS:ROOMX2_WALL_3_0_0_0_0_1_WIN,1001,1.01,0.19,0.05,1.25,1.25,0.600,0.501,0.752,1.505,1.505,Yes,CELLS:ROOMX2_WALL_3_0_0,0.00,90.00,N
,CELLS:ROOMX2_WALL_3_0_0_1_0_0_WIN,1001,2.98,0.29,0.07,3.33,3.33,0.600,0.501,0.752,1.505,1.505,Yes,CELLS:ROOMX2_WALL_3_0_0,0.00,90.00,N
,CELLS:ROOMX2_WALL_5_0_0_0_0_1_WIN,1001,1.01,0.19,0.05,1.25,1.25,0.600,0.501,0.752,1.505,1.505,Yes,CELLS:ROOMX2_WALL_5_0_0,180.00,90.00,S
,CELLS:ROOMX2_WALL_5_0_0_1_0_0_WIN,1001,2.98,0.29,0.07,3.33,3.33,0.600,0.501,0.752,1.505,1.505,Yes,CELLS:ROOMX2_WALL_5_0_0,180.00,90.00,S
,Total or Average,,,,,,18.35,0.600,0.501,0.752,,,,,,,
,North Total or Average,,,,,,9.17,0.600,0.501,0.752,,,,,,,
,Non-North Total or Average,,,,,,9.17,0.600,0.501,0.752,,,,,,,


Interior Fenestration

,,Construction,Area of One Opening [m2],Area of Openings [m2],Glass U-Factor [W/m2-K],Glass SHGC,Glass Visible Transmittance,Parent Surface
,Total or Average,,,0.00,-,-,-,


Exterior Door

,,Construction,U-Factor with Film [W/m2-K],U-Factor no Film [W/m2-K],Gross Area [m2],Parent Surface
,CELLS:ENTRANCE_WALL_5_0_0_0_0_0_DOOR,WOODEN DOOR,2.995,5.429,1.99,CELLS:ENTRANCE_WALL_5_0_0


Interior Door

,,Construction,U-Factor with Film [W/m2-K],U-Factor no Film [W/m2-K],Gross Area [m2],Parent Surface
,None,,,,,


----------------------------------------------------------------------------------------------------
REPORT:,Lighting Summary
FOR:,Entire Facility
Interior Lighting

,,Zone,Lighting Power Density [W/m2],Zone Area [m2],Total Power [W],End Use Subcategory,Schedule Name,Scheduled Hours/Week [hr],Hours/Week > 1% [hr],Full Load Hours/Week [hr],Return Air Fraction,Conditioned (Y/N),Consumption [kWh]
,CELLS:ROOMX1,CELLS:ROOMX1,9.1000,18.98,172.68,General,SIA_INDIVIDUALOFFICE_OCC,36.40,55.07,10.47,0.0000,Y,39.00
,CELLS:ENTRANCE,CELLS:ENTRANCE,9.1000,14.97,136.19,General,SLL_OFFICE_CIRCULATION_LIGHT,59.84,60.08,60.08,0.0000,Y,176.50
,CELLS:ROOMX2,CELLS:ROOMX2,9.1000,19.97,181.76,General,SIA_INDIVIDUALOFFICE_OCC,36.40,55.07,10.76,0.0000,Y,42.20
,Interior Lighting Total,,9.1000,53.91,490.63,,,,,,,,257.70


Daylighting

,,Zone,Control Name,Daylighting Method,Control Type,Fraction Controlled,Lighting Installed in Zone [W],Lighting Controlled [W]
,CELLS:ROOMX1 REF POINT 1,CELLS:ROOMX1,CELLS:ROOMX1,SplitFlux,Continuous,1.00,172.68,172.68
,CELLS:ENTRANCE REF POINT 1,CELLS:ENTRANCE,CELLS:ENTRANCE,SplitFlux,Continuous,1.00,136.19,136.19
,CELLS:ROOMX2 REF POINT 1,CELLS:ROOMX2,CELLS:ROOMX2,SplitFlux,Continuous,1.00,181.76,181.76


Exterior Lighting

,,Total Watts,Astronomical Clock/Schedule,Schedule Name,Scheduled Hours/Week [hr],Hours/Week > 1% [hr],Full Load Hours/Week [hr],Consumption [kWh]
,Exterior Lighting Total,0.00,,,,,,0.00


----------------------------------------------------------------------------------------------------
REPORT:,Equipment Summary
FOR:,Entire Facility
Central Plant

,,Type,Nominal Capacity [W],Nominal Efficiency [W/W],IPLV in SI Units [W/W],IPLV in IP Units [Btu/W-h]
,None,,,,,


Cooling Coils

,,Type,Design Coil Load [W],Nominal Total Capacity [W],Nominal Sensible Capacity [W],Nominal Latent Capacity [W],Nominal Sensible Heat Ratio,Nominal Efficiency [W/W],Nominal Coil UA Value [W/C],Nominal Coil Surface Area [m2]
,None,,,,,,,,,


DX Cooling Coils

,,DX Cooling Coil Type,Standard Rated Net Cooling Capacity [W],Standard Rated Net COP [W/W],EER [Btu/W-h],SEER User [Btu/W-h],SEER Standard [Btu/W-h],IEER [Btu/W-h]
,None,,,,,,,


DX Cooling Coil ASHRAE 127 Standard Ratings Report

,,DX Cooling Coil Type,Rated Net Cooling Capacity Test A [W],Rated Electric Power Test A [W],Rated Net Cooling Capacity Test B [W],Rated Electric Power Test B [W],Rated Net Cooling Capacity Test C [W],Rated Electric Power Test C [W],Rated Net Cooling Capacity Test D [W],Rated Electric Power Test D [W]
,None,,,,,,,,,


DX Heating Coils

,,DX Heating Coil Type,High Temperature Heating (net) Rating Capacity [W],Low Temperature Heating (net) Rating Capacity [W],HSPF [Btu/W-h],Region Number
,None,,,,,


Heating Coils

,,Type,Design Coil Load [W],Nominal Total Capacity [W],Nominal Efficiency [W/W]
,None,,,,


Fans

,,Type,Total Efficiency [W/W],Delta Pressure [pa],Max Air Flow Rate [m3/s],Rated Electricity Rate [W],Rated Power Per Max Air Flow Rate [W-s/m3],Motor Heat In Air Fraction,Fan Energy Index,End Use Subcategory,Design Day Name for Fan Sizing Peak,Date/Time for Fan Sizing Peak
,None,,,,,,,,,,,


Pumps

,,Type,Control,Head [pa],Water Flow [m3/s],Electricity Rate [W],Power Per Water Flow Rate [W-s/m3],Motor Efficiency [W/W],End Use Subcategory
,None,,,,,,,,


Service Water Heating

,,Type,Storage Volume [m3],Input [W],Thermal Efficiency [W/W],Recovery Efficiency [W/W],Energy Factor
,None,,,,,,


----------------------------------------------------------------------------------------------------
REPORT:,HVAC Sizing Summary
FOR:,Entire Facility
Zone Sensible Cooling

,,Calculated Design Load [W],User Design Load [W],User Design Load per Area [W/m2],Calculated Design Air Flow [m3/s],User Design Air Flow [m3/s],Design Day Name,Date/Time Of Peak {TIMESTAMP},Thermostat Setpoint Temperature at Peak Load [C],Indoor Temperature at Peak Load [C],Indoor Humidity Ratio at Peak Load [kgWater/kgDryAir],Outdoor Temperature at Peak Load [C],Outdoor Humidity Ratio at Peak Load [kgWater/kgDryAir],Minimum Outdoor Air Flow Rate [m3/s],Heat Gain Rate from DOAS [W]
,CELLS:ROOMX1,0.00,0.00,0.00,0.000,0.014,SUMMER DESIGN DAY IN FRIBOURG (O1-O1:31-12) JUL,,16.00,0.00,0.00397,30.80,0.01005,0.014,0.00
,CELLS:ENTRANCE,0.00,0.00,0.00,0.000,0.015,SUMMER DESIGN DAY IN FRIBOURG (O1-O1:31-12) JUL,,20.00,0.00,0.00397,30.80,0.01005,0.015,0.00
,CELLS:ROOMX2,0.00,0.00,0.00,0.000,0.014,SUMMER DESIGN DAY IN FRIBOURG (O1-O1:31-12) JUL,,21.00,0.00,0.00397,30.80,0.01005,0.014,0.00
The Design Load is the zone sensible load only. It does not include any system effects or ventilation loads.


Zone Sensible Heating

,,Calculated Design Load [W],User Design Load [W],User Design Load per Area [W/m2],Calculated Design Air Flow [m3/s],User Design Air Flow [m3/s],Design Day Name,Date/Time Of Peak {TIMESTAMP},Thermostat Setpoint Temperature at Peak Load [C],Indoor Temperature at Peak Load [C],Indoor Humidity Ratio at Peak Load [kgWater/kgDryAir],Outdoor Temperature at Peak Load [C],Outdoor Humidity Ratio at Peak Load [kgWater/kgDryAir],Minimum Outdoor Air Flow Rate [m3/s],Heat Gain Rate from DOAS [W]
,CELLS:ROOMX1,433.19,541.49,28.54,0.019,0.024,WINTER DESIGN DAY IN FRIBOURG (O1-O1:31-12),1/15 24:00:00,16.00,15.99,0.01195,-6.20,0.00235,0.014,0.00
,CELLS:ENTRANCE,649.81,812.26,54.27,0.037,0.046,WINTER DESIGN DAY IN FRIBOURG (O1-O1:31-12),1/15 24:00:00,20.00,19.99,0.01458,-6.20,0.00235,0.015,0.00
,CELLS:ROOMX2,0.00,0.00,0.00,0.000,0.014,WINTER DESIGN DAY IN FRIBOURG (O1-O1:31-12),,0.00,-50.00,0.01600,-6.20,0.00235,0.014,0.00
The Design Load is the zone sensible load only. It does not include any system effects or ventilation loads.


System Design Air Flow Rates

,,Calculated cooling [m3/s],User cooling [m3/s],Calculated heating [m3/s],User heating [m3/s],Adjusted cooling [m3/s],Adjusted heating [m3/s],Adjusted main [m3/s],Calculated Heating Air Flow Ratio [],User Heating Air Flow Ratio []
,None,,,,,,,,,


Plant Loop Coincident Design Fluid Flow Rate Adjustments

,,Previous Design Volume Flow Rate [m3/s],Algorithm Volume Flow Rate [m3/s],Coincident Design Volume Flow Rate [m3/s],Coincident Size Adjusted,Peak Sizing Period Name,Peak Day into Period {TIMESTAMP}[day],Peak Hour Of Day {TIMESTAMP}[hr],Peak Step Start Minute {TIMESTAMP}[min]
,None,,,,,,,,


Coil Sizing Summary

,,Coil Type,HVAC Type,HVAC Name,Coil Final Gross Total Capacity [W],Coil Final Gross Sensible Capacity [W],Coil Final Reference Air Volume Flow Rate [m3/s],Coil Final Reference Plant Fluid Volume Flow Rate [m3/s],Coil U-value Times Area Value [W/K],Design Day Name at Sensible Ideal Loads Peak,Date/Time at Sensible Ideal Loads Peak,Design Day Name at Air Flow Ideal Loads Peak,Date/Time at Air Flow Ideal Loads Peak,Coil Total Capacity at Ideal Loads Peak [W],Coil Sensible Capacity at Ideal Loads Peak [W],Coil Air Volume Flow Rate at Ideal Loads Peak [m3/s],Coil Entering Air Drybulb at Ideal Loads Peak [C],Coil Entering Air Wetbulb at Ideal Loads Peak [C],Coil Entering Air Humidity Ratio at Ideal Loads Peak [kgWater/kgDryAir],Coil Leaving Air Drybulb at Ideal Loads Peak [C],Coil Leaving Air Wetbulb at Ideal Loads Peak [C],Coil Leaving Air Humidity Ratio at Ideal Loads Peak [kgWater/kgDryAir],Outdoor Air Drybulb at Ideal Loads Peak [C],Outdoor Air Humidity Ratio at Ideal Loads Peak [kgWater/kgDryAir],Outdoor Air Wetbulb at Ideal Loads Peak [C],Outdoor Air Flow Percentage at Ideal Loads Peak [%],Zone Air Drybulb at Ideal Loads Peak [C],Zone Air Humidity Ratio at Ideal Loads Peak [kgWater/kgDryAir],Zone Air Relative Humidity at Ideal Loads Peak [%],Zone Sensible Heat Gain at Ideal Loads Peak [W],Zone Latent Heat Gain at Ideal Loads Peak [W],Coil Total Capacity at Rating Conditions [W],Coil Sensible Capacity at Rating Conditions [W]
,None,,,,,,,,,,,,,,,,,,,,,,,,,,,,,,,,


----------------------------------------------------------------------------------------------------
REPORT:,System Summary
FOR:,Entire Facility
Economizer

,,High Limit Shutoff Control,Minimum Outdoor Air [m3/s],Maximum Outdoor Air [m3/s],Return Air Temp Limit,Return Air Enthalpy Limit,Outdoor Air Temperature Limit [C],Outdoor Air Enthalpy Limit [C]
,None,,,,,,,


Demand Controlled Ventilation using Controller:MechanicalVentilation

,,Controller:MechanicalVentilation Name,Outdoor Air Per Person [m3/s-person],Outdoor Air Per Area [m3/s-m2],Outdoor Air Per Zone [m3/s],Outdoor Air ACH [ach],Outdoor Air Method,Outdoor Air Schedule Name,Air Distribution Effectiveness in Cooling Mode,Air Distribution Effectiveness in Heating Mode,Air Distribution Effectiveness Schedule Name
,None,,,,,,,,,,


Time Not Comfortable Based on Simple ASHRAE 55-2004

,,Winter Clothes [hr],Summer Clothes [hr],Summer or Winter Clothes [hr]
,CELLS:ROOMX1,581.50,1003.17,451.00
,CELLS:ENTRANCE,1034.00,1248.17,995.33
,CELLS:ROOMX2,915.50,1139.67,873.83
,Facility,1163.67,1277.33,1030.83
Aggregated over the RunPeriods for Weather


Time Setpoint Not Met

,,During Heating [hr],During Cooling [hr],During Occupied Heating [hr],During Occupied Cooling [hr]
,CELLS:ROOMX1,2891.17,0.00,802.83,0.00
,CELLS:ENTRANCE,12.00,0.00,0.00,0.00
,CELLS:ROOMX2,196.00,0.00,196.00,0.00
,Facility,2954.00,0.00,864.33,0.00
Aggregated over the RunPeriods for Weather


----------------------------------------------------------------------------------------------------
REPORT:,Outdoor Air Summary
FOR:,Entire Facility
Average Outdoor Air During Occupied Hours

,,Average Number of Occupants,Nominal Number of Occupants,Zone Volume [m3],Mechanical Ventilation [ach],Infiltration [ach],AFN Infiltration [ach],Simple Ventilation [ach]
,CELLS:ROOMX1,0.90,1.35,58.82,0.557,0.315,0.000,1.328
,CELLS:ENTRANCE,1.12,1.50,46.39,0.876,0.312,0.000,0.122
,CELLS:ROOMX2,0.95,1.43,61.92,0.553,0.312,0.000,0.099
Values shown for a single zone without multipliers


Minimum Outdoor Air During Occupied Hours

,,Average Number of Occupants,Nominal Number of Occupants,Zone Volume [m3],Mechanical Ventilation [ach],Infiltration [ach],AFN Infiltration [ach],Simple Ventilation [ach]
,CELLS:ROOMX1,0.90,1.35,58.82,0.155,0.005,0.000,0.000
,CELLS:ENTRANCE,1.12,1.50,46.39,0.283,0.005,0.000,0.000
,CELLS:ROOMX2,0.95,1.43,61.92,0.155,0.005,0.000,0.000
Values shown for a single zone without multipliers


----------------------------------------------------------------------------------------------------
REPORT:,Object Count Summary
FOR:,Entire Facility
Surfaces by Class

,,Total,Outdoors
,Wall,12,8
,Floor,3,3
,Roof,3,3
,Internal Mass,0,0
,Building Detached Shading,32,32
,Fixed Detached Shading,0,0
,Window,8,8
,Door,1,1
,Glass Door,0,0
,Shading,0,0
,Overhang,0,0
,Fin,0,0
,Tubular Daylighting Device Dome,0,0
,Tubular Daylighting Device Diffuser,0,0


HVAC

,,Count
,HVAC Air Loops,0
,Conditioned Zones,3
,Unconditioned Zones,0
,Supply Plenums,0
,Return Plenums,0


Input Fields

,,Count
,IDF Objects,367
,Defaulted Fields,75
,Fields with Defaults,971
,Autosized Fields,18
,Autosizable Fields,18
,Autocalculated Fields,29
,Autocalculatable Fields,82


----------------------------------------------------------------------------------------------------
REPORT:,Sensible Heat Gain Summary
FOR:,Entire Facility
Annual Building Sensible Heat Gain Components

,,HVAC Zone Eq & Other Sensible Air Heating [kWh],HVAC Zone Eq & Other Sensible Air Cooling [kWh],HVAC Terminal Unit Sensible Air Heating [kWh],HVAC Terminal Unit Sensible Air Cooling [kWh],HVAC Input Heated Surface Heating [kWh],HVAC Input Cooled Surface Cooling [kWh],People Sensible Heat Addition [kWh],Lights Sensible Heat Addition [kWh],Equipment Sensible Heat Addition [kWh],Window Heat Addition [kWh],Interzone Air Transfer Heat Addition [kWh],Infiltration Heat Addition [kWh],Opaque Surface Conduction and Other Heat Addition [kWh],Equipment Sensible Heat Removal [kWh],Window Heat Removal [kWh],Interzone Air Transfer Heat Removal [kWh],Infiltration Heat Removal [kWh],Opaque Surface Conduction and Other Heat Removal [kWh]
,CELLS:ROOMX1,768.344,-21.26,0.000,0.000,0.000,0.000,76.722,38.996,44.881,370.725,0.000,0.015,0.084,0.000,-143.32,0.000,-585.39,-549.70
,CELLS:ENTRANCE,275.356,-35.67,0.000,0.000,0.000,0.000,123.739,176.503,45.609,0.000,0.000,0.148,0.000,0.000,0.000,0.000,-193.69,-391.99
,CELLS:ROOMX2,276.223,-29.61,0.000,0.000,0.000,0.000,92.023,42.199,47.241,388.159,0.000,0.117,0.078,0.000,-126.56,0.000,-244.18,-445.61
,Total Facility,1319.923,-86.55,0.000,0.000,0.000,0.000,292.483,257.698,137.731,758.884,0.000,0.280,0.162,0.000,-269.89,0.000,-1023.26,-1387.30


Peak Cooling Sensible Heat Gain Components

,,Time of Peak {TIMESTAMP},HVAC Zone Eq & Other Sensible Air Heating [W],HVAC Zone Eq & Other Sensible Air Cooling [W],HVAC Terminal Unit Sensible Air Heating [W],HVAC Terminal Unit Sensible Air Cooling [W],HVAC Input Heated Surface Heating [W],HVAC Input Cooled Surface Cooling [W],People Sensible Heat Addition [W],Lights Sensible Heat Addition [W],Equipment Sensible Heat Addition [W],Window Heat Addition [W],Interzone Air Transfer Heat Addition [W],Infiltration Heat Addition [W],Opaque Surface Conduction and Other Heat Addition [W],Equipment Sensible Heat Removal [W],Window Heat Removal [W],Interzone Air Transfer Heat Removal [W],Infiltration Heat Removal [W],Opaque Surface Conduction and Other Heat Removal [W]
,CELLS:ROOMX1,05-JAN-07:11,0.00,-389.91,0.00,0.00,0.00,0.00,26.06,34.54,11.39,0.00,0.00,0.00,525.54,0.00,-92.98,0.00,-114.64,0.00
,CELLS:ENTRANCE,20-MAR-16:22,0.00,-237.68,0.00,0.00,0.00,0.00,129.46,136.19,29.93,0.00,0.00,0.00,6.75,0.00,-0.00,0.00,-64.66,0.00
,CELLS:ROOMX2,29-MAY-08:10,0.00,-194.05,0.00,0.00,0.00,0.00,113.07,18.18,59.92,259.71,0.00,0.00,0.00,0.00,-0.00,0.00,-71.93,-184.89
,Total Facility,29-MAY-09:01,0.00,-554.68,0.00,0.00,0.00,0.00,335.75,171.63,146.78,404.76,0.00,0.00,952.67,0.00,0.00,0.00,-1456.91,0.00


Peak Heating Sensible Heat Gain Components

,,Time of Peak {TIMESTAMP},HVAC Zone Eq & Other Sensible Air Heating [W],HVAC Zone Eq & Other Sensible Air Cooling [W],HVAC Terminal Unit Sensible Air Heating [W],HVAC Terminal Unit Sensible Air Cooling [W],HVAC Input Heated Surface Heating [W],HVAC Input Cooled Surface Cooling [W],People Sensible Heat Addition [W],Lights Sensible Heat Addition [W],Equipment Sensible Heat Addition [W],Window Heat Addition [W],Interzone Air Transfer Heat Addition [W],Infiltration Heat Addition [W],Opaque Surface Conduction and Other Heat Addition [W],Equipment Sensible Heat Removal [W],Window Heat Removal [W],Interzone Air Transfer Heat Removal [W],Infiltration Heat Removal [W],Opaque Surface Conduction and Other Heat Removal [W]
,CELLS:ROOMX1,13-APR-08:10,1650.57,0.00,0.00,0.00,0.00,0.00,92.45,17.27,56.93,123.18,0.00,0.00,14.70,0.00,-0.00,0.00,-1955.09,0.00
,CELLS:ENTRANCE,31-JAN-05:25,1303.57,0.00,0.00,0.00,0.00,0.00,0.00,0.00,1.61,0.00,0.00,0.00,0.00,0.00,-0.00,0.00,-99.31,-1205.87
,CELLS:ROOMX2,02-JAN-07:55,679.56,0.00,0.00,0.00,0.00,0.00,30.03,36.35,11.98,0.00,0.00,0.00,0.00,0.00,-78.66,0.00,-102.02,-577.25
,Total Facility,02-JAN-07:55,2745.87,0.00,0.00,0.00,0.00,0.00,91.18,207.08,53.30,0.00,0.00,0.00,0.00,0.00,-161.22,0.00,-328.31,-2607.90


----------------------------------------------------------------------------------------------------
REPORT:,Standard 62.1 Summary
FOR:,Entire Facility
System Ventilation Requirements for Cooling

,,Sum of Zone Primary Air Flow - Vpz-sum [m3/s],System Population - Ps,Sum of Zone Population - Pz-sum,Occupant Diversity - D,Uncorrected Outdoor Air Intake Airflow - Vou [m3/s],System Primary Airflow - Vps [m3/s],Average Outdoor Air Fraction - Xs,System Ventilation Efficiency - Ev,Outdoor Air Intake Flow - Vot [m3/s],Percent Outdoor Air - %OA,Environment Name of Peak System Population - Ps,Date and Time of Last Peak System Population - Ps
,None,,,,,,,,,,,,


System Ventilation Requirements for Heating

,,Sum of Zone Primary Air Flow - Vpz-sum [m3/s],System Population - Ps,Sum of Zone Population - Pz-sum,Occupant Diversity - D,Uncorrected Outdoor Air Intake Airflow - Vou [m3/s],System Primary Airflow - Vps [m3/s],Average Outdoor Air Fraction - Xs,System Ventilation Efficiency - Ev,Outdoor Air Intake Flow Vot [m3/s],Percent Outdoor Air - %OA,Environment Name of Peak System Population - Ps,Date and Time of Last Peak System Population - Ps
,None,,,,,,,,,,,,


Zone Ventilation Parameters

,,AirLoop Name,People Outdoor Air Rate - Rp [m3/s-person],Zone Population - Pz,Area Outdoor Air Rate - Ra [m3/s-m2],Zone Floor Area - Az [m2],Breathing Zone Outdoor Airflow - Vbz [m3/s],Cooling Zone Air Distribution Effectiveness - Ez-clg,Cooling Zone Outdoor Airflow - Voz-clg [m3/s],Heating Zone Air Distribution Effectiveness - Ez-htg,Heating Zone Outdoor Airflow - Voz-htg [m3/s]
,None,,,,,,,,,,


System Ventilation Parameters

,,People Outdoor Air Rate - Rp [m3/s-person],Sum of Zone Population - Pz-sum,Area Outdoor Air Rate - Ra [m3/s-m2],Sum of Zone Floor Area - Az-sum [m2],Breathing Zone Outdoor Airflow - Vbz [m3/s],Cooling Zone Outdoor Airflow - Voz-clg [m3/s],Heating Zone Outdoor Airflow - Voz-htg [m3/s]
,None,,,,,,,


Zone Ventilation Calculations for Cooling Design

,,AirLoop Name,Box Type,Zone Primary Airflow - Vpz [m3/s],Zone Discharge Airflow - Vdz [m3/s],Minimum Zone Primary Airflow - Vpz-min [m3/s],Zone Outdoor Airflow Cooling - Voz-clg [m3/s],Primary Outdoor Air Fraction - Zpz,Primary Air Fraction - Ep,Secondary Recirculation Fraction- Er,Supply Air Fraction- Fa,Mixed Air Fraction - Fb,Outdoor Air Fraction - Fc,Zone Ventilation Efficiency - Evz
,None,,,,,,,,,,,,,


System Ventilation Calculations for Cooling Design

,,Sum of Zone Primary Airflow - Vpz-sum [m3/s],System Primary Airflow - Vps [m3/s],Sum of Zone Discharge Airflow - Vdz-sum [m3/s],Sum of Min Zone Primary Airflow - Vpz-min [m3/s],Zone Outdoor Airflow Cooling - Voz-clg [m3/s],Zone Ventilation Efficiency - Evz-min
,None,,,,,,


Zone Ventilation Calculations for Heating Design

,,AirLoop Name,Box Type,Zone Primary Airflow - Vpz [m3/s],Zone Discharge Airflow - Vdz [m3/s],Minimum Zone Primary Airflow - Vpz-min [m3/s],Zone Outdoor Airflow Heating - Voz-htg [m3/s],Primary Outdoor Air Fraction - Zpz,Primary Air Fraction - Ep,Secondary Recirculation Fraction- Er,Supply Air Fraction- Fa,Mixed Air Fraction - Fb,Outdoor Air Fraction - Fc,Zone Ventilation Efficiency - Evz
,None,,,,,,,,,,,,,


System Ventilation Calculations for Heating Design

,,Sum of Zone Primary Airflow - Vpz-sum [m3/s],System Primary Airflow - Vps [m3/s],Sum of Zone Discharge Airflow - Vdz-sum [m3/s],Sum of Min Zone Primary Airflow - Vpz-min [m3/s],Zone Outdoor Airflow Heating - Voz-htg [m3/s],Zone Ventilation Efficiency - Evz-min
,None,,,,,,


